temp,humidity,label
28.8,69.7,0
28.8,69.7,0
28.8,69.7,0
28.8,69.7,0
28.8,69.7,0
28.8,69.7,0
28.8,69.7,0
28.8,69.7,0
28.8,69.7,0
28.8,68.9,0
28.8,68.9,0
28.8,68.9,0
28.8,68.9,0
28.8,68.9,0
28.8,68.9,0
28.8,68.9,0
28.8,68.9,0
28.8,68.9,0
28.8,68.9,0
28.8,68.2,0
28.8,68.2,0
28.8,68.2,0
28.8,68.2,0
28.8,68.2,0
28.8,68.2,0
28.8,68.2,0
28.8,68.2,0
28.8,68.2,0
28.8,68.2,0
28.8,67.5,0
28.8,67.5,0
28.8,67.5,0
28.8,67.5,0
28.8,67.5,0
28.8,67.5,0
28.8,67.5,0
28.8,67.5,0
28.8,67.5,0
28.8,67.5,0
28.8,67,0
28.8,67,0
28.8,67,0
28.8,67,0
28.8,67,0
28.8,67,0
28.8,67,0
28.8,67,0
28.8,67,0
28.8,67,0
28.8,66.4,0
28.8,66.4,0
28.8,66.4,0
28.8,66.4,0
28.8,66.4,0
28.8,66.4,0
28.8,66.4,0
28.8,66.4,0
28.8,66.4,0
28.8,66.4,0
28.8,66.2,0
28.8,66.2,0
28.8,66.2,0
28.8,66.2,0
28.8,66.2,0
28.8,66.2,0
28.8,66.2,0
28.8,66.2,0
28.8,66.2,0
28.8,66.2,0
28.8,66.2,0
28.8,66.2,0
28.8,66.2,0
28.8,66.2,0
28.8,66.2,0
28.8,66.2,0
28.8,66.2,0
28.8,66.2,0
28.8,66.2,0
28.8,66.2,0
28.8,66.1,0
28.8,66.1,0
28.8,66.1,0
28.8,66.1,0
28.8,66.1,0
28.8,66.1,0
28.8,66.1,0
28.8,66.1,0
28.8,66.1,0
28.8,66.1,0
28.8,65.9,0
28.8,65.9,0
28.8,65.9,0
28.8,65.9,0
28.8,65.9,0
28.8,65.9,0
28.8,65.9,0
28.8,65.9,0
28.8,65.9,0
28.8,65.9,0
28.8,65.9,0
28.8,65.9,0
28.8,65.9,0
28.8,65.9,0
28.8,65.9,0
28.8,65.9,0
28.8,65.9,0
28.8,65.9,0
28.8,65.9,0
28.8,65.9,0
28.8,65.7,0
28.8,65.7,0
28.8,65.7,0
28.8,65.7,0
28.8,65.7,0
28.8,65.7,0
28.8,65.7,0
28.8,65.7,0
28.8,65.7,0
28.8,65.7,0
28.8,65.3,0
28.8,65.3,0
28.8,65.3,0
28.8,65.3,0
28.8,65.3,0
28.8,65.3,0
28.8,65.3,0
28.8,65.3,0
28.8,65.3,0
28.8,65.3,0
28.8,64.8,0
28.8,64.8,0
28.8,64.8,0
28.8,64.8,0
28.8,64.8,0
28.8,64.8,0
28.8,64.8,0
28.8,64.8,0
28.8,64.8,0
28.8,64.8,0
28.8,64.4,0
28.8,64.4,0
28.8,64.4,0
28.8,64.4,0
28.8,64.4,0
28.8,64.4,0
28.8,64.4,0
28.8,64.4,0
28.8,64.4,0
28.8,64.4,0
28.8,64.3,0
28.8,64.3,0
28.8,64.3,0
28.8,64.3,0
28.8,64.3,0
28.8,64.3,0
28.8,64.3,0
28.8,64.3,0
28.8,64.3,0
28.8,64.3,0
28.8,64.1,0
28.8,64.1,0
28.8,64.1,0
28.8,64.1,0
28.8,64.1,0
28.8,64.1,0
28.8,64.1,0
28.8,64.1,0
28.8,64.1,0
28.8,64.1,0
28.8,62.8,0
28.8,62.8,0
28.8,62.8,0
28.8,62.8,0
28.8,62.8,0
28.8,62.8,0
28.8,62.8,0
28.8,62.8,0
28.8,62.8,0
28.8,62.8,0
28.8,60.4,0
28.8,60.4,0
28.8,60.4,0
28.8,60.4,0
28.8,60.4,0
28.8,60.4,0
28.8,60.4,0
28.8,60.4,0
28.8,60.4,0
28.8,60.4,0
28.7,59.2,0
28.7,59.2,0
28.7,59.2,0
28.7,59.2,0
28.7,59.2,0
28.7,59.2,0
28.7,59.2,0
28.7,59.2,0
28.7,59.2,0
28.7,59.2,0
28.7,59,0
28.7,59,0
28.7,59,0
28.7,59,0
28.7,59,0
28.7,59,0
28.7,59,0
28.7,59,0
28.7,59,0
28.7,59,0
28.7,59.1,0
28.7,59.1,0
28.7,59.1,0
28.7,59.1,0
28.7,59.1,0
28.7,59.1,0
28.7,59.1,0
28.7,59.1,0
28.7,59.1,0
28.7,59.1,0
28.7,59.4,0
28.7,59.4,0
28.7,59.4,0
28.7,59.4,0
28.7,59.4,0
28.7,59.4,0
28.7,59.4,0
28.7,59.4,0
28.7,59.4,0
28.7,59.4,0
28.7,59.6,0
28.7,59.6,0
28.7,59.6,0
28.7,59.6,0
28.7,59.6,0
28.7,59.6,0
28.7,59.6,0
28.7,59.6,0
28.7,59.6,0
28.7,59.6,0
28.7,59.6,0
28.7,59.6,0
28.7,59.6,0
28.7,59.6,0
28.7,59.6,0
28.7,59.6,0
28.7,59.6,0
28.7,59.6,0
28.7,59.6,0
28.7,59.6,0
28.7,59.9,0
28.7,59.9,0
28.7,59.9,0
28.7,59.9,0
28.7,59.9,0
28.7,59.9,0
28.7,59.9,0
28.7,59.9,0
28.7,59.9,0
28.7,59.9,0
28.7,60.2,0
28.7,60.2,0
28.7,60.2,0
28.7,60.2,0
28.7,60.2,0
28.7,60.2,0
28.7,60.2,0
28.7,60.2,0
28.7,60.2,0
28.7,60.2,0
28.7,60.5,0
28.7,60.5,0
28.7,60.5,0
28.7,60.5,0
28.7,60.5,0
28.7,60.5,0
28.7,60.5,0
28.7,60.5,0
28.7,60.5,0
28.7,60.5,0
28.7,60.5,0
28.7,60.5,0
28.7,60.5,0
28.7,60.5,0
28.7,60.5,0
28.7,60.5,0
28.7,60.5,0
28.7,60.5,0
28.7,60.5,0
28.7,60.5,0
28.7,60.4,0
28.7,60.4,0
28.7,60.4,0
28.7,60.4,0
28.7,60.4,0
28.7,60.4,0
28.7,60.4,0
28.7,60.4,0
28.7,60.4,0
28.7,60.4,0
28.7,60.4,0
28.7,60.4,0
28.7,60.4,0
28.7,60.4,0
28.7,60.4,0
28.7,60.4,0
28.7,60.4,0
28.7,60.4,0
28.7,60.4,0
28.7,60.4,0
28.7,60.4,0
28.7,60.4,0
28.7,60.4,0
28.7,60.4,0
28.7,60.4,0
28.7,60.4,0
28.7,60.4,0
28.7,60.4,0
28.7,60.4,0
28.7,60.4,0
28.6,60.4,0
28.6,60.4,0
28.6,60.4,0
28.6,60.4,0
28.6,60.4,0
28.6,60.4,0
28.6,60.4,0
28.6,60.4,0
28.6,60.4,0
28.6,60.4,0
28.6,60.3,0
28.6,60.3,0
28.6,60.3,0
28.6,60.3,0
28.6,60.3,0
28.6,60.3,0
28.6,60.3,0
28.6,60.3,0
28.6,60.3,0
28.6,60.3,0
28.6,60.1,0
28.6,60.1,0
28.6,60.1,0
28.6,60.1,0
28.6,60.1,0
28.6,60.1,0
28.6,60.1,0
28.6,60.1,0
28.6,60.1,0
28.6,60.1,0
28.6,60,0
28.6,60,0
28.6,60,0
28.6,60,0
28.6,60,0
28.6,60,0
28.6,60,0
28.6,60,0
28.6,60,0
28.6,60,0
28.6,60,0
28.6,60,0
28.6,60,0
28.6,60,0
28.6,60,0
28.6,60,0
28.6,60,0
28.6,60,0
28.6,60,0
28.6,60,0
28.6,59.9,0
28.6,59.9,0
28.6,59.9,0
28.6,59.9,0
28.6,59.9,0
28.6,59.9,0
28.6,59.9,0
28.6,59.9,0
28.6,59.9,0
28.6,59.9,0
28.6,59.8,0
28.6,59.8,0
28.6,59.8,0
28.6,59.8,0
28.6,59.8,0
28.6,59.8,0
28.6,59.8,0
28.6,59.8,0
28.6,59.8,0
28.6,59.8,0
28.6,59.7,0
28.6,59.7,0
28.6,59.7,0
28.6,59.7,0
28.6,59.7,0
28.6,59.7,0
28.6,59.7,0
28.6,59.7,0
28.6,59.7,0
28.6,59.7,0
28.6,58.8,0
28.6,58.8,0
28.6,58.8,0
28.6,58.8,0
28.6,58.8,0
28.6,58.8,0
28.6,58.8,0
28.6,58.8,0
28.6,58.8,0
28.6,58.8,0
28.6,57.6,0
28.6,57.6,0
28.6,57.6,0
28.6,57.6,0
28.6,57.6,0
28.6,57.6,0
28.6,57.6,0
28.6,57.6,0
28.6,57.6,0
28.6,57.6,0
28.6,56.9,0
28.6,56.9,0
28.6,56.9,0
28.6,56.9,0
28.6,56.9,0
28.6,56.9,0
28.6,56.9,0
28.6,56.9,0
28.6,56.9,0
28.6,56.9,0
28.6,56.9,0
28.6,56.9,0
28.6,56.9,0
28.6,56.9,0
28.6,56.9,0
28.6,56.9,0
28.6,56.9,0
28.6,56.9,0
28.6,56.9,0
28.6,56.9,0
28.6,57.1,0
28.6,57.1,0
28.6,57.1,0
28.6,57.1,0
28.6,57.1,0
28.6,57.1,0
28.6,57.1,0
28.6,57.1,0
28.6,57.1,0
28.6,57.1,0
28.6,57.8,0
28.6,57.8,0
28.6,57.8,0
28.6,57.8,0
28.6,57.8,0
28.6,57.8,0
28.6,57.8,0
28.6,57.8,0
28.6,57.8,0
28.6,57.8,0
28.6,58.6,0
28.6,58.6,0
28.6,58.6,0
28.6,58.6,0
28.6,58.6,0
28.6,58.6,0
28.6,58.6,0
28.6,58.6,0
28.6,58.6,0
28.6,58.6,0
28.6,59.3,0
28.6,59.3,0
28.6,59.3,0
28.6,59.3,0
28.6,59.3,0
28.6,59.3,0
28.6,59.3,0
28.6,59.3,0
28.6,59.3,0
28.6,59.3,0
28.6,59.6,0
28.6,59.6,0
28.6,59.6,0
28.6,59.6,0
28.6,59.6,0
28.6,59.6,0
28.6,59.6,0
28.6,59.6,0
28.6,59.6,0
28.6,59.6,0
28.6,59.6,0
28.6,59.6,0
28.6,59.6,0
28.6,59.6,0
28.6,59.6,0
28.6,59.6,0
28.6,59.6,0
28.6,59.6,0
28.6,59.6,0
28.6,59.6,0
28.6,59.6,0
28.6,59.6,0
28.6,59.6,0
28.6,59.6,0
28.6,59.6,0
28.6,59.6,0
28.6,59.6,0
28.6,59.6,0
28.6,59.6,0
28.6,59.6,0
28.6,59.5,0
28.6,59.5,0
28.6,59.5,0
28.6,59.5,0
28.6,59.5,0
28.6,59.5,0
28.6,59.5,0
28.6,59.5,0
28.6,59.5,0
28.6,59.5,0
28.6,47.5,0
28.6,47.5,0
28.6,47.5,0
28.6,47.5,0
28.6,47.5,0
28.6,47.5,0
28.6,47.5,0
28.6,47.5,0
28.5,48.3,0
28.5,48.3,0
28.5,48.3,0
28.5,48.3,0
28.5,48.3,0
28.5,48.3,0
28.5,48.3,0
28.5,48.3,0
28.5,48.3,0
28.5,48.3,0
28.4,50.1,0
28.4,50.1,0
28.4,50.1,0
28.4,50.1,0
28.4,50.1,0
28.4,50.1,0
28.4,50.1,0
28.4,50.1,0
28.4,50.1,0
28.4,50.1,0
28.3,50.9,0
28.3,50.9,0
28.3,50.9,0
28.3,50.9,0
28.3,50.9,0
28.3,50.9,0
28.3,50.9,0
28.3,50.9,0
28.3,50.9,0
28.3,50.9,0
28.2,51.1,0
28.2,51.1,0
28.2,51.1,0
28.2,51.1,0
28.2,51.1,0
28.2,51.1,0
28.2,51.1,0
28.2,51.1,0
28.2,51.1,0
28.2,51.1,0
28,50.4,0
28,50.4,0
28,50.4,0
28,50.4,0
28,50.4,0
28,50.4,0
28,50.4,0
28,50.4,0
28,50.4,0
28,50.4,0
27.9,49.6,0
27.9,49.6,0
27.9,49.6,0
27.9,49.6,0
27.9,49.6,0
27.9,49.6,0
27.9,49.6,0
27.9,49.6,0
27.9,49.6,0
27.9,49.6,0
27.7,48.9,0
27.7,48.9,0
27.7,48.9,0
27.7,48.9,0
27.7,48.9,0
27.7,48.9,0
27.7,48.9,0
27.7,48.9,0
27.7,48.9,0
27.7,48.9,0
27.6,48.3,0
27.6,48.3,0
27.6,48.3,0
27.6,48.3,0
27.6,48.3,0
27.6,48.3,0
27.6,48.3,0
27.6,48.3,0
27.6,48.3,0
27.6,48.3,0
27.4,47.2,0
27.4,47.2,0
27.4,47.2,0
27.4,47.2,0
27.4,47.2,0
27.4,47.2,0
27.4,47.2,0
27.4,47.2,0
27.4,47.2,0
27.4,47.2,0
27.2,44.7,0
27.2,44.7,0
27.2,44.7,0
27.2,44.7,0
27.2,44.7,0
27.2,44.7,0
27.2,44.7,0
27.2,44.7,0
27.2,44.7,0
27.2,44.7,0
27,41.6,0
27,41.6,0
27,41.6,0
27,41.6,0
27,41.6,0
27,41.6,0
27,41.6,0
27,41.6,0
27,41.6,0
27,41.6,0
26.7,39.3,1
26.7,39.3,1
26.7,39.3,1
26.7,39.3,1
26.7,39.3,1
26.7,39.3,1
26.7,39.3,1
26.7,39.3,1
26.7,39.3,1
26.7,39.3,1
26.4,38.3,1
26.4,38.3,1
26.4,38.3,1
26.4,38.3,1
26.4,38.3,1
26.4,38.3,1
26.4,38.3,1
26.4,38.3,1
26.4,38.3,1
26.4,38.3,1
26.1,37.6,1
26.1,37.6,1
26.1,37.6,1
26.1,37.6,1
26.1,37.6,1
26.1,37.6,1
26.1,37.6,1
26.1,37.6,1
26.1,37.6,1
26.1,37.6,1
25.8,37.3,1
25.8,37.3,1
25.8,37.3,1
25.8,37.3,1
25.8,37.3,1
25.8,37.3,1
25.8,37.3,1
25.8,37.3,1
25.8,37.3,1
25.8,37.3,1
25.5,37,1
25.5,37,1
25.5,37,1
25.5,37,1
25.5,37,1
25.5,37,1
25.5,37,1
25.5,37,1
25.5,37,1
25.5,37,1
25.3,36.7,1
25.3,36.7,1
25.3,36.7,1
25.3,36.7,1
25.3,36.7,1
25.3,36.7,1
25.3,36.7,1
25.3,36.7,1
25.3,36.7,1
25.3,36.7,1
25,36.4,1
25,36.4,1
25,36.4,1
25,36.4,1
25,36.4,1
25,36.4,1
25,36.4,1
25,36.4,1
25,36.4,1
25,36.4,1
24.7,36.3,1
24.7,36.3,1
24.7,36.3,1
24.7,36.3,1
24.7,36.3,1
24.7,36.3,1
24.7,36.3,1
24.7,36.3,1
24.7,36.3,1
24.7,36.3,1
24.5,36.1,1
24.5,36.1,1
24.5,36.1,1
24.5,36.1,1
24.5,36.1,1
24.5,36.1,1
24.5,36.1,1
24.5,36.1,1
24.5,36.1,1
24.5,36.1,1
24.3,35.9,1
24.3,35.9,1
24.3,35.9,1
24.3,35.9,1
24.3,35.9,1
24.3,35.9,1
24.3,35.9,1
24.3,35.9,1
24.3,35.9,1
24.3,35.9,1
24,35.8,1
24,35.8,1
24,35.8,1
24,35.8,1
24,35.8,1
24,35.8,1
24,35.8,1
24,35.8,1
24,35.8,1
24,35.8,1
23.8,35.7,1
23.8,35.7,1
23.8,35.7,1
23.8,35.7,1
23.8,35.7,1
23.8,35.7,1
23.8,35.7,1
23.8,35.7,1
23.8,35.7,1
23.8,35.7,1
23.6,35.7,1
23.6,35.7,1
23.6,35.7,1
23.6,35.7,1
23.6,35.7,1
23.6,35.7,1
23.6,35.7,1
23.6,35.7,1
23.6,35.7,1
23.6,35.7,1
23.3,35.4,1
23.3,35.4,1
23.3,35.4,1
23.3,35.4,1
23.3,35.4,1
23.3,35.4,1
23.3,35.4,1
23.3,35.4,1
23.3,35.4,1
23.3,35.4,1
23.1,35.3,1
23.1,35.3,1
23.1,35.3,1
23.1,35.3,1
23.1,35.3,1
23.1,35.3,1
23.1,35.3,1
23.1,35.3,1
23.1,35.3,1
23.1,35.3,1
22.9,35.3,1
22.9,35.3,1
22.9,35.3,1
22.9,35.3,1
22.9,35.3,1
22.9,35.3,1
22.9,35.3,1
22.9,35.3,1
22.9,35.3,1
22.9,35.3,1
22.7,35.3,1
22.7,35.3,1
22.7,35.3,1
22.7,35.3,1
22.7,35.3,1
22.7,35.3,1
22.7,35.3,1
22.7,35.3,1
22.7,35.3,1
22.7,35.3,1
22.5,35.3,1
22.5,35.3,1
22.5,35.3,1
22.5,35.3,1
22.5,35.3,1
22.5,35.3,1
22.5,35.3,1
22.5,35.3,1
22.5,35.3,1
22.5,35.3,1
22.4,35.7,1
22.4,35.7,1
22.4,35.7,1
22.4,35.7,1
22.4,35.7,1
22.4,35.7,1
22.4,35.7,1
22.4,35.7,1
22.4,35.7,1
22.4,35.7,1
22.3,37.3,1
22.3,37.3,1
22.3,37.3,1
22.3,37.3,1
22.3,37.3,1
22.3,37.3,1
22.3,37.3,1
22.3,37.3,1
22.3,37.3,1
22.3,37.3,1
22.2,40.4,1
22.2,40.4,1
22.2,40.4,1
22.2,40.4,1
22.2,40.4,1
22.2,40.4,1
22.2,40.4,1
22.2,40.4,1
22.2,40.4,1
22.2,40.4,1
22.2,44.3,1
22.2,44.3,1
22.2,44.3,1
22.2,44.3,1
22.2,44.3,1
22.2,44.3,1
22.2,44.3,1
22.2,44.3,1
22.2,44.3,1
22.2,44.3,1
25,69.6,1
25,69.6,1
25,69.6,1
25,69.6,1
25,69.6,1
25,69.6,1
25,69.6,1
25,69.6,1
25,69.6,1
25,69.6,1
26.9,92.7,1
26.9,92.7,1
26.9,92.7,1
26.9,92.7,1
26.9,92.7,1
26.9,92.7,1
26.9,92.7,1
26.9,92.7,1
26.9,92.7,1
26.9,92.7,1
27.1,100,1
27.1,100,1
27.1,100,1
27.1,100,1
27.1,100,1
27.1,100,1
27.1,100,1
27.1,100,1
27.1,100,1
27.1,100,1
27.7,100,1
27.7,100,1
27.7,100,1
27.7,100,1
27.7,100,1
27.7,100,1
27.7,100,1
27.7,100,1
27.7,100,1
27.7,100,1
27.9,100,1
27.9,100,1
27.9,100,1
27.9,100,1
27.9,100,1
27.9,100,1
27.9,100,1
27.9,100,1
27.9,100,1
27.9,100,1
27.8,100,1
27.8,100,1
27.8,100,1
27.8,100,1
27.8,100,1
27.8,100,1
27.8,100,1
27.8,100,1
27.8,100,1
27.8,100,1
27.8,100,1
27.8,100,1
27.8,100,1
27.8,100,1
27.8,100,1
27.8,100,1
27.8,100,1
27.8,100,1
27.8,100,1
27.8,100,1
27.8,100,1
27.8,100,1
27.8,100,1
27.8,100,1
27.8,100,1
27.8,100,1
27.8,100,1
27.8,100,1
27.8,100,1
27.8,100,1
27.8,100,1
27.8,100,1
27.8,100,1
27.8,100,1
27.8,100,1
27.8,100,1
27.8,100,1
27.8,100,1
27.8,100,1
27.8,100,1
27.7,100,1
27.7,100,1
27.7,100,1
27.7,100,1
27.7,100,1
27.7,100,1
27.7,100,1
27.7,100,1
27.7,100,1
27.7,100,1
27.7,100,1
27.7,100,1
27.7,100,1
27.7,100,1
27.7,100,1
27.7,100,1
27.7,100,1
27.7,100,1
27.7,100,1
27.7,100,1
27.7,100,1
27.7,100,1
27.7,100,1
27.7,100,1
27.7,100,1
27.7,100,1
27.7,100,1
27.7,100,1
27.7,100,1
27.7,100,1
27.7,100,1
27.7,100,1
27.7,100,1
27.7,100,1
27.7,100,1
27.7,100,1
27.7,100,1
27.7,100,1
27.7,100,1
27.7,100,1
27.7,100,1
27.7,100,1
27.7,100,1
27.7,100,1
27.7,100,1
27.7,100,1
27.7,100,1
27.7,100,1
27.7,100,1
27.7,100,1
27.6,100,1
27.6,100,1
27.6,100,1
27.6,100,1
27.6,100,1
27.6,100,1
27.6,100,1
27.6,100,1
27.6,100,1
27.6,100,1
27.6,99.6,1
27.6,99.6,1
27.6,99.6,1
27.6,99.6,1
27.6,99.6,1
27.6,99.6,1
27.6,99.6,1
27.6,99.6,1
27.6,99.6,1
27.6,99.6,1
27.6,98.8,1
27.6,98.8,1
27.6,98.8,1
27.6,98.8,1
27.6,98.8,1
27.6,98.8,1
27.6,98.8,1
27.6,98.8,1
27.6,98.8,1
27.6,98.8,1
27.5,98,1
27.5,98,1
27.5,98,1
27.5,98,1
27.5,98,1
27.5,98,1
27.5,98,1
27.5,98,1
27.5,98,1
27.5,98,1
27.5,97.5,1
27.5,97.5,1
27.5,97.5,1
27.5,97.5,1
27.5,97.5,1
27.5,97.5,1
27.5,97.5,1
27.5,97.5,1
27.5,97.5,1
27.5,97.5,1
27.4,97.1,1
27.4,97.1,1
27.4,97.1,1
27.4,97.1,1
27.4,97.1,1
27.4,97.1,1
27.4,97.1,1
27.4,97.1,1
27.4,97.1,1
27.4,97.1,1
27.4,96.9,1
27.4,96.9,1
27.4,96.9,1
27.4,96.9,1
27.4,96.9,1
27.4,96.9,1
27.4,96.9,1
27.4,96.9,1
27.4,96.9,1
27.4,96.9,1
27.3,96.9,1
27.3,96.9,1
27.3,96.9,1
27.3,96.9,1
27.3,96.9,1
27.3,96.9,1
27.3,96.9,1
27.3,96.9,1
27.3,96.9,1
27.3,96.9,1
27.3,96.8,1
27.3,96.8,1
27.3,96.8,1
27.3,96.8,1
27.3,96.8,1
27.3,96.8,1
27.3,96.8,1
27.3,96.8,1
27.3,96.8,1
27.3,96.8,1
27.2,96.7,1
27.2,96.7,1
27.2,96.7,1
27.2,96.7,1
27.2,96.7,1
27.2,96.7,1
27.2,96.7,1
27.2,96.7,1
27.2,96.7,1
27.2,96.7,1
27.2,96.7,1
27.2,96.7,1
27.2,96.7,1
27.2,96.7,1
27.2,96.7,1
27.2,96.7,1
27.2,96.7,1
27.2,96.7,1
27.2,96.7,1
27.2,96.7,1
27.1,96.6,1
27.1,96.6,1
27.1,96.6,1
27.1,96.6,1
27.1,96.6,1
27.1,96.6,1
27.1,96.6,1
27.1,96.6,1
27.1,96.6,1
27.1,96.6,1
27.1,96.6,1
27.1,96.6,1
27.1,96.6,1
27.1,96.6,1
27.1,96.6,1
27.1,96.6,1
27.1,96.6,1
27.1,96.6,1
27.1,96.6,1
27.1,96.6,1
27,96.6,1
27,96.6,1
27,96.6,1
27,96.6,1
27,96.6,1
27,96.6,1
27,96.6,1
27,96.6,1
27,96.6,1
27,96.6,1
27,96.6,1
27,96.6,1
27,96.6,1
27,96.6,1
27,96.6,1
27,96.6,1
27,96.6,1
27,96.6,1
27,96.6,1
27,96.6,1
26.9,96.6,1
26.9,96.6,1
26.9,96.6,1
26.9,96.6,1
26.9,96.6,1
26.9,96.6,1
26.9,96.6,1
26.9,96.6,1
26.9,96.6,1
26.9,96.6,1
26.9,96.5,1
26.9,96.5,1
26.9,96.5,1
26.9,96.5,1
26.9,96.5,1
26.9,96.5,1
26.9,96.5,1
26.9,96.5,1
26.9,96.5,1
26.9,96.5,1
26.8,96.5,1
26.8,96.5,1
26.8,96.5,1
26.8,96.5,1
26.8,96.5,1
26.8,96.5,1
26.8,96.5,1
26.8,96.5,1
26.8,96.5,1
26.8,96.5,1
26.8,96.5,1
26.8,96.5,1
26.8,96.5,1
26.8,96.5,1
26.8,96.5,1
26.8,96.5,1
26.8,96.5,1
26.8,96.5,1
26.8,96.5,1
26.8,96.5,1
26.8,96.5,1
26.8,96.5,1
26.8,96.5,1
26.8,96.5,1
26.8,96.5,1
26.8,96.5,1
26.8,96.5,1
26.8,96.5,1
26.8,96.5,1
26.8,96.5,1
26.7,96.5,1
26.7,96.5,1
26.7,96.5,1
26.7,96.5,1
26.7,96.5,1
26.7,96.5,1
26.7,96.5,1
26.7,96.5,1
26.7,96.5,1
26.7,96.5,1
26.7,96.5,1
26.7,96.5,1
26.7,96.5,1
26.7,96.5,1
26.7,96.5,1
26.7,96.5,1
26.7,96.5,1
26.7,96.5,1
26.7,96.5,1
26.7,96.5,1
26.7,96.5,1
26.7,96.5,1
26.7,96.5,1
26.7,96.5,1
26.7,96.5,1
26.7,96.5,1
26.7,96.5,1
26.7,96.5,1
26.7,96.5,1
26.7,96.5,1
26.6,96.4,1
26.6,96.4,1
26.6,96.4,1
26.6,96.4,1
26.6,96.4,1
26.6,96.4,1
26.6,96.4,1
26.6,96.4,1
26.6,96.4,1
26.6,96.4,1
26.6,96.4,1
26.6,96.4,1
26.6,96.4,1
26.6,96.4,1
26.6,96.4,1
26.6,96.4,1
26.6,96.4,1
26.6,96.4,1
26.6,96.4,1
26.6,96.4,1
26.6,96.3,1
26.6,96.3,1
26.6,96.3,1
26.6,96.3,1
26.6,96.3,1
26.6,96.3,1
26.6,96.3,1
26.6,96.3,1
26.6,96.3,1
26.6,96.3,1
26.5,96.3,1
26.5,96.3,1
26.5,96.3,1
26.5,96.3,1
26.5,96.3,1
26.5,96.3,1
26.5,96.3,1
26.5,96.3,1
26.5,96.3,1
26.5,96.3,1
26.5,96.3,1
26.5,96.3,1
26.5,96.3,1
26.5,96.3,1
26.5,96.3,1
26.5,96.3,1
26.5,96.3,1
26.5,96.3,1
26.5,96.3,1
26.5,96.3,1
26.5,96.3,1
26.5,96.3,1
26.5,96.3,1
26.5,96.3,1
26.5,96.3,1
26.5,96.3,1
26.5,96.3,1
26.5,96.3,1
26.5,96.3,1
26.5,96.3,1
26.5,96.3,1
26.5,96.3,1
26.5,96.3,1
26.5,96.3,1
26.5,96.3,1
26.5,96.3,1
26.5,96.3,1
26.5,96.3,1
26.5,96.3,1
26.5,96.3,1
26.5,96.2,1
26.5,96.2,1
26.5,96.2,1
26.5,96.2,1
26.5,96.2,1
26.5,96.2,1
26.5,96.2,1
26.5,96.2,1
26.5,96.2,1
26.5,96.2,1
26.5,96.2,1
26.5,96.2,1
26.5,96.2,1
26.5,96.2,1
26.5,96.2,1
26.5,96.2,1
26.5,96.2,1
26.5,96.2,1
26.5,96.2,1
26.5,96.2,1
26.4,96.1,1
26.4,96.1,1
26.4,96.1,1
26.4,96.1,1
26.4,96.1,1
26.4,96.1,1
26.4,96.1,1
26.4,96.1,1
26.4,96.1,1
26.4,96.1,1
26.4,96.1,1
26.4,96.1,1
26.4,96.1,1
26.4,96.1,1
26.4,96.1,1
26.4,96.1,1
26.4,96.1,1
26.4,96.1,1
26.4,96.1,1
26.4,96.1,1
26.4,96,1
26.4,96,1
26.4,96,1
26.4,96,1
26.4,96,1
26.4,96,1
26.4,96,1
26.4,96,1
26.4,96,1
26.4,96,1
26.4,95.9,1
26.4,95.9,1
26.4,95.9,1
26.4,95.9,1
26.4,95.9,1
26.4,95.9,1
26.4,95.9,1
26.4,95.9,1
26.4,95.9,1
26.4,95.9,1
26.4,95.9,1
26.4,95.9,1
26.4,95.9,1
26.4,95.9,1
26.4,95.9,1
26.4,95.9,1
26.4,95.9,1
26.4,95.9,1
26.4,95.9,1
26.4,95.9,1
26.4,95.8,1
26.4,95.8,1
26.4,95.8,1
26.4,95.8,1
26.4,95.8,1
26.4,95.8,1
26.4,95.8,1
26.4,95.8,1
26.4,95.8,1
26.4,95.8,1
26.4,95.7,1
26.4,95.7,1
26.4,95.7,1
26.4,95.7,1
26.4,95.7,1
26.4,95.7,1
26.4,95.7,1
26.4,95.7,1
26.4,95.7,1
26.4,95.7,1
26.4,95.7,1
26.4,95.7,1
26.4,95.7,1
26.4,95.7,1
26.4,95.7,1
26.4,95.7,1
26.4,95.7,1
26.4,95.7,1
26.4,95.7,1
26.4,95.7,1
26.4,95.6,1
26.4,95.6,1
26.4,95.6,1
26.4,95.6,1
26.4,95.6,1
26.4,95.6,1
26.4,95.6,1
26.4,95.6,1
26.4,95.6,1
26.4,95.6,1
26.4,95.5,1
26.4,95.5,1
26.4,95.5,1
26.4,95.5,1
26.4,95.5,1
26.4,95.5,1
26.4,95.5,1
26.4,95.5,1
26.4,95.5,1
26.4,95.5,1
26.4,95.3,1
26.4,95.3,1
26.4,95.3,1
26.4,95.3,1
26.4,95.3,1
26.4,95.3,1
26.4,95.3,1
26.4,95.3,1
26.4,95.3,1
26.4,95.3,1
26.4,95.3,1
26.4,95.3,1
26.4,95.3,1
26.4,95.3,1
26.4,95.3,1
26.4,95.3,1
26.4,95.3,1
26.4,95.3,1
26.4,95.3,1
26.4,95.3,1
26.4,95.1,1
26.4,95.1,1
26.4,95.1,1
26.4,95.1,1
26.4,95.1,1
26.4,95.1,1
26.4,95.1,1
26.4,95.1,1
26.4,95.1,1
26.4,95.1,1
26.4,95,1
26.4,95,1
26.4,95,1
26.4,95,1
26.4,95,1
26.4,95,1
26.4,95,1
26.4,95,1
26.4,95,1
26.4,95,1
26.4,94.9,1
26.4,94.9,1
26.4,94.9,1
26.4,94.9,1
26.4,94.9,1
26.4,94.9,1
26.4,94.9,1
26.4,94.9,1
26.4,94.9,1
26.4,94.9,1
26.4,94.6,1
26.4,94.6,1
26.4,94.6,1
26.4,94.6,1
26.4,94.6,1
26.4,94.6,1
26.4,94.6,1
26.4,94.6,1
26.4,94.6,1
26.4,94.6,1
26.4,94.6,1
26.4,94.6,1
26.4,94.6,1
26.4,94.6,1
26.4,94.6,1
26.4,94.6,1
26.4,94.6,1
26.4,94.6,1
26.4,94.6,1
26.4,94.6,1
26.4,94.5,1
26.4,94.5,1
26.4,94.5,1
26.4,94.5,1
26.4,94.5,1
26.4,94.5,1
26.4,94.5,1
26.4,94.5,1
26.4,94.5,1
26.4,94.5,1
26.4,94.3,1
26.4,94.3,1
26.4,94.3,1
26.4,94.3,1
26.4,94.3,1
26.4,94.3,1
26.4,94.3,1
26.4,94.3,1
26.4,94.3,1
26.4,94.3,1
26.4,94.1,1
26.4,94.1,1
26.4,94.1,1
26.4,94.1,1
26.4,94.1,1
26.4,94.1,1
26.4,94.1,1
26.4,94.1,1
26.4,94.1,1
26.4,94.1,1
26.4,93.9,1
26.4,93.9,1
26.4,93.9,1
26.4,93.9,1
26.4,93.9,1
26.4,93.9,1
26.4,93.9,1
26.4,93.9,1
26.4,93.9,1
26.4,93.9,1
26.4,93.8,1
26.4,93.8,1
26.4,93.8,1
26.4,93.8,1
27.9,100,1
27.9,100,1
27.9,100,1
27.8,100,1
27.8,100,1
27.8,100,1
27.8,100,1
27.8,100,1
27.8,100,1
27.8,100,1
27.8,100,1
27.8,100,1
27.8,100,1
27.8,100,1
27.8,100,1
27.8,100,1
27.8,100,1
27.8,100,1
27.8,100,1
27.8,100,1
27.8,100,1
27.8,100,1
27.8,100,1
27.8,100,1
27.8,100,1
27.8,100,1
27.8,100,1
27.8,100,1
27.8,100,1
27.8,100,1
27.8,100,1
27.8,100,1
27.8,100,1
27.8,100,1
27.8,100,1
27.8,100,1
27.8,100,1
27.8,100,1
27.8,100,1
27.8,100,1
27.8,100,1
27.8,100,1
27.8,100,1
27.7,100,1
27.7,100,1
27.7,100,1
27.7,100,1
27.7,100,1
27.7,100,1
27.7,100,1
27.7,100,1
27.7,100,1
27.7,100,1
27.7,100,1
27.7,100,1
27.7,100,1
27.7,100,1
27.7,100,1
27.7,100,1
27.7,100,1
27.7,100,1
27.7,100,1
27.7,100,1
27.7,100,1
27.7,100,1
27.7,100,1
27.7,100,1
27.7,100,1
27.7,100,1
27.7,100,1
27.7,100,1
27.7,100,1
27.7,100,1
27.7,100,1
27.7,100,1
27.7,100,1
27.7,100,1
27.7,100,1
27.7,100,1
27.7,100,1
27.7,100,1
27.7,100,1
27.7,100,1
27.7,100,1
27.7,100,1
27.7,100,1
27.7,100,1
27.7,100,1
27.7,100,1
27.7,100,1
27.7,100,1
27.7,100,1
27.7,100,1
27.6,100,1
27.6,100,1
27.6,100,1
27.6,100,1
27.6,100,1
27.6,100,1
27.6,100,1
27.6,100,1
27.6,100,1
27.6,100,1
27.6,99.6,1
27.6,99.6,1
27.6,99.6,1
27.6,99.6,1
27.6,99.6,1
27.6,99.6,1
27.6,99.6,1
27.6,99.6,1
27.6,99.6,1
27.6,99.6,1
27.6,98.8,1
27.6,98.8,1
27.6,98.8,1
27.6,98.8,1
27.6,98.8,1
27.6,98.8,1
27.6,98.8,1
27.6,98.8,1
27.6,98.8,1
27.6,98.8,1
27.5,98,1
27.5,98,1
27.5,98,1
27.5,98,1
27.5,98,1
27.5,98,1
27.5,98,1
27.5,98,1
27.5,98,1
27.5,98,1
27.5,97.5,1
27.5,97.5,1
27.5,97.5,1
27.5,97.5,1
27.5,97.5,1
27.5,97.5,1
27.5,97.5,1
27.5,97.5,1
27.5,97.5,1
27.5,97.5,1
27.4,97.1,1
27.4,97.1,1
27.4,97.1,1
27.4,97.1,1
27.4,97.1,1
27.4,97.1,1
27.4,97.1,1
27.4,97.1,1
27.4,97.1,1
27.4,97.1,1
27.4,96.9,1
27.4,96.9,1
27.4,96.9,1
27.4,96.9,1
27.4,96.9,1
27.4,96.9,1
27.4,96.9,1
27.4,96.9,1
27.4,96.9,1
27.4,96.9,1
27.3,96.9,1
27.3,96.9,1
27.3,96.9,1
27.3,96.9,1
27.3,96.9,1
27.3,96.9,1
27.3,96.9,1
27.3,96.9,1
27.3,96.9,1
27.3,96.9,1
27.3,96.8,1
27.3,96.8,1
27.3,96.8,1
27.3,96.8,1
27.3,96.8,1
27.3,96.8,1
27.3,96.8,1
27.3,96.8,1
27.3,96.8,1
27.3,96.8,1
27.2,96.7,1
27.2,96.7,1
27.2,96.7,1
27.2,96.7,1
27.2,96.7,1
27.2,96.7,1
27.2,96.7,1
27.2,96.7,1
27.2,96.7,1
27.2,96.7,1
27.2,96.7,1
27.2,96.7,1
27.2,96.7,1
27.2,96.7,1
27.2,96.7,1
27.2,96.7,1
27.2,96.7,1
27.2,96.7,1
27.2,96.7,1
27.2,96.7,1
27.1,96.6,1
27.1,96.6,1
27.1,96.6,1
27.1,96.6,1
27.1,96.6,1
27.1,96.6,1
27.1,96.6,1
27.1,96.6,1
27.1,96.6,1
27.1,96.6,1
27.1,96.6,1
27.1,96.6,1
27.1,96.6,1
27.1,96.6,1
27.1,96.6,1
27.1,96.6,1
27.1,96.6,1
27.1,96.6,1
27.1,96.6,1
27.1,96.6,1
27,96.6,1
27,96.6,1
27,96.6,1
27,96.6,1
27,96.6,1
27,96.6,1
27,96.6,1
27,96.6,1
27,96.6,1
27,96.6,1
27,96.6,1
27,96.6,1
27,96.6,1
27,96.6,1
27,96.6,1
27,96.6,1
27,96.6,1
27,96.6,1
27,96.6,1
27,96.6,1
26.9,96.6,1
26.9,96.6,1
26.9,96.6,1
26.9,96.6,1
26.9,96.6,1
26.9,96.6,1
26.9,96.6,1
26.9,96.6,1
26.9,96.6,1
26.9,96.6,1
26.9,96.5,1
26.9,96.5,1
26.9,96.5,1
26.9,96.5,1
26.9,96.5,1
26.9,96.5,1
26.9,96.5,1
26.9,96.5,1
26.9,96.5,1
26.9,96.5,1
26.8,96.5,1
26.8,96.5,1
26.8,96.5,1
26.8,96.5,1
26.8,96.5,1
26.8,96.5,1
26.8,96.5,1
26.8,96.5,1
26.8,96.5,1
26.8,96.5,1
26.8,96.5,1
26.8,96.5,1
26.8,96.5,1
26.8,96.5,1
26.8,96.5,1
26.8,96.5,1
26.8,96.5,1
26.8,96.5,1
26.8,96.5,1
26.8,96.5,1
26.8,96.5,1
26.8,96.5,1
26.8,96.5,1
26.8,96.5,1
26.8,96.5,1
26.8,96.5,1
26.8,96.5,1
26.8,96.5,1
26.8,96.5,1
26.8,96.5,1
26.7,96.5,1
26.7,96.5,1
26.7,96.5,1
26.7,96.5,1
26.7,96.5,1
26.7,96.5,1
26.7,96.5,1
26.7,96.5,1
26.7,96.5,1
26.7,96.5,1
26.7,96.5,1
26.7,96.5,1
26.7,96.5,1
26.7,96.5,1
26.7,96.5,1
26.7,96.5,1
26.7,96.5,1
26.7,96.5,1
26.7,96.5,1
26.7,96.5,1
26.7,96.5,1
26.7,96.5,1
26.7,96.5,1
26.7,96.5,1
26.7,96.5,1
26.7,96.5,1
26.7,96.5,1
26.7,96.5,1
26.7,96.5,1
26.7,96.5,1
26.6,96.4,1
26.6,96.4,1
26.6,96.4,1
26.6,96.4,1
26.6,96.4,1
26.6,96.4,1
26.6,96.4,1
26.6,96.4,1
26.6,96.4,1
26.6,96.4,1
26.6,96.4,1
26.6,96.4,1
26.6,96.4,1
26.6,96.4,1
26.6,96.4,1
26.6,96.4,1
26.6,96.4,1
26.6,96.4,1
26.6,96.4,1
26.6,96.4,1
26.6,96.3,1
26.6,96.3,1
26.6,96.3,1
26.6,96.3,1
26.6,96.3,1
26.6,96.3,1
26.6,96.3,1
26.6,96.3,1
26.6,96.3,1
26.6,96.3,1
26.5,96.3,1
26.5,96.3,1
26.5,96.3,1
26.5,96.3,1
26.5,96.3,1
26.5,96.3,1
26.5,96.3,1
26.5,96.3,1
26.5,96.3,1
26.5,96.3,1
26.5,96.3,1
26.5,96.3,1
26.5,96.3,1
26.5,96.3,1
26.5,96.3,1
26.5,96.3,1
26.5,96.3,1
26.5,96.3,1
26.5,96.3,1
26.5,96.3,1
26.5,96.3,1
26.5,96.3,1
26.5,96.3,1
26.5,96.3,1
26.5,96.3,1
26.5,96.3,1
26.5,96.3,1
26.5,96.3,1
26.5,96.3,1
26.5,96.3,1
26.5,96.3,1
26.5,96.3,1
26.5,96.3,1
26.5,96.3,1
26.5,96.3,1
26.5,96.3,1
26.5,96.3,1
26.5,96.3,1
26.5,96.3,1
26.5,96.3,1
26.5,96.2,1
26.5,96.2,1
26.5,96.2,1
26.5,96.2,1
26.5,96.2,1
26.5,96.2,1
26.5,96.2,1
26.5,96.2,1
26.5,96.2,1
26.5,96.2,1
26.5,96.2,1
26.5,96.2,1
26.5,96.2,1
26.5,96.2,1
26.5,96.2,1
26.5,96.2,1
26.5,96.2,1
26.5,96.2,1
26.5,96.2,1
26.5,96.2,1
26.4,96.1,1
26.4,96.1,1
26.4,96.1,1
26.4,96.1,1
26.4,96.1,1
26.4,96.1,1
26.4,96.1,1
26.4,96.1,1
26.4,96.1,1
26.4,96.1,1
26.4,96.1,1
26.4,96.1,1
26.4,96.1,1
26.4,96.1,1
26.4,96.1,1
26.4,96.1,1
26.4,96.1,1
26.4,96.1,1
26.4,96.1,1
26.4,96.1,1
26.4,96,1
26.4,96,1
26.4,96,1
26.4,96,1
26.4,96,1
26.4,96,1
26.4,96,1
26.4,96,1
26.4,96,1
26.4,96,1
26.4,95.9,1
26.4,95.9,1
26.4,95.9,1
26.4,95.9,1
26.4,95.9,1
26.4,95.9,1
26.4,95.9,1
26.4,95.9,1
26.4,95.9,1
26.4,95.9,1
26.4,95.9,1
26.4,95.9,1
26.4,95.9,1
26.4,95.9,1
26.4,95.9,1
26.4,95.9,1
26.4,95.9,1
26.4,95.9,1
26.4,95.9,1
26.4,95.9,1
26.4,95.8,1
26.4,95.8,1
26.4,95.8,1
26.4,95.8,1
26.4,95.8,1
26.4,95.8,1
26.4,95.8,1
26.4,95.8,1
26.4,95.8,1
26.4,95.8,1
26.4,95.7,1
26.4,95.7,1
26.4,95.7,1
26.4,95.7,1
26.4,95.7,1
26.4,95.7,1
26.4,95.7,1
26.4,95.7,1
26.4,95.7,1
26.4,95.7,1
26.4,95.7,1
26.4,95.7,1
26.4,95.7,1
26.4,95.7,1
26.4,95.7,1
26.4,95.7,1
26.4,95.7,1
26.4,95.7,1
26.4,95.7,1
26.4,95.7,1
26.4,95.6,1
26.4,95.6,1
26.4,95.6,1
26.4,95.6,1
26.4,95.6,1
26.4,95.6,1
26.4,95.6,1
26.4,95.6,1
26.4,95.6,1
26.4,95.6,1
26.4,95.5,1
26.4,95.5,1
26.4,95.5,1
26.4,95.5,1
26.4,95.5,1
26.4,95.5,1
26.4,95.5,1
26.4,95.5,1
26.4,95.5,1
26.4,95.5,1
26.4,95.3,1
26.4,95.3,1
26.4,95.3,1
26.4,95.3,1
26.4,95.3,1
26.4,95.3,1
26.4,95.3,1
26.4,95.3,1
26.4,95.3,1
26.4,95.3,1
26.4,95.3,1
26.4,95.3,1
26.4,95.3,1
26.4,95.3,1
26.4,95.3,1
26.4,95.3,1
26.4,95.3,1
26.4,95.3,1
26.4,95.3,1
26.4,95.3,1
26.4,95.1,1
26.4,95.1,1
26.4,95.1,1
26.4,95.1,1
26.4,95.1,1
26.4,95.1,1
26.4,95.1,1
26.4,95.1,1
26.4,95.1,1
26.4,95.1,1
26.4,95,1
26.4,95,1
26.4,95,1
26.4,95,1
26.4,95,1
26.4,95,1
26.4,95,1
26.4,95,1
26.4,95,1
26.4,95,1
26.4,94.9,1
26.4,94.9,1
26.4,94.9,1
26.4,94.9,1
26.4,94.9,1
26.4,94.9,1
26.4,94.9,1
26.4,94.9,1
26.4,94.9,1
26.4,94.9,1
26.4,94.6,1
26.4,94.6,1
26.4,94.6,1
26.4,94.6,1
26.4,94.6,1
26.4,94.6,1
26.4,94.6,1
26.4,94.6,1
26.4,94.6,1
26.4,94.6,1
26.4,94.6,1
26.4,94.6,1
26.4,94.6,1
26.4,94.6,1
26.4,94.6,1
26.4,94.6,1
26.4,94.6,1
26.4,94.6,1
26.4,94.6,1
26.4,94.6,1
26.4,94.5,1
26.4,94.5,1
26.4,94.5,1
26.4,94.5,1
26.4,94.5,1
26.4,94.5,1
26.4,94.5,1
26.4,94.5,1
26.4,94.5,1
26.4,94.5,1
26.4,94.3,1
26.4,94.3,1
26.4,94.3,1
26.4,94.3,1
26.4,94.3,1
26.4,94.3,1
26.4,94.3,1
26.4,94.3,1
26.4,94.3,1
26.4,94.3,1
26.4,94.1,1
26.4,94.1,1
26.4,94.1,1
26.4,94.1,1
26.4,94.1,1
26.4,94.1,1
26.4,94.1,1
26.4,94.1,1
26.4,94.1,1
26.4,94.1,1
26.4,93.9,1
26.4,93.9,1
26.4,93.9,1
26.4,93.9,1
26.4,93.9,1
26.4,93.9,1
26.4,93.9,1
26.4,93.9,1
26.4,93.9,1
26.4,93.9,1
26.4,93.8,1
26.4,93.8,1
26.4,93.8,1
26.4,93.8,1
27.7,63.8,0
27.7,63.8,0
27.7,63.8,0
27.7,63.8,0
27.7,63.8,0
27.7,63.2,0
27.7,63.2,0
27.7,63.2,0
27.7,63.2,0
27.7,63.2,0
27.7,63.2,0
27.7,63.2,0
27.7,63.2,0
27.7,63.2,0
27.7,63.2,0
27.7,62.8,0
27.7,62.8,0
27.7,62.8,0
27.7,62.8,0
27.7,62.8,0
27.7,62.8,0
27.7,62.8,0
27.7,62.8,0
27.7,62.8,0
27.7,62.8,0
27.8,62.5,0
27.8,62.5,0
27.8,62.5,0
27.8,62.5,0
27.8,62.5,0
27.8,62.5,0
27.8,62.5,0
27.8,62.5,0
27.8,62.5,0
27.8,62.5,0
27.7,62.4,0
27.7,62.4,0
27.7,62.4,0
27.7,62.4,0
27.7,62.4,0
27.7,62.4,0
27.7,62.4,0
27.7,62.4,0
27.7,62.4,0
27.7,62.4,0
27.8,62.1,0
27.8,62.1,0
27.8,62.1,0
27.8,62.1,0
27.8,62.1,0
27.8,62.1,0
27.8,62.1,0
27.8,62.1,0
27.8,62.1,0
27.8,62.1,0
27.8,62.1,0
27.8,62.1,0
27.8,62.1,0
27.8,62.1,0
27.8,62.1,0
27.8,62.1,0
27.8,62.1,0
27.8,62.1,0
27.8,62.1,0
27.8,62.1,0
27.8,61.9,0
27.8,61.9,0
27.8,61.9,0
27.8,61.9,0
27.8,61.9,0
27.8,61.9,0
27.8,61.9,0
27.8,61.9,0
27.8,61.9,0
27.8,61.9,0
27.8,61.7,0
27.8,61.7,0
27.8,61.7,0
27.8,61.7,0
27.8,61.7,0
27.8,61.7,0
27.8,61.7,0
27.8,61.7,0
27.8,61.7,0
27.8,61.7,0
27.8,61.5,0
27.8,61.5,0
27.8,61.5,0
27.8,61.5,0
27.8,61.5,0
27.8,61.5,0
27.8,61.5,0
27.8,61.5,0
27.8,61.5,0
27.8,61.5,0
27.8,61.6,0
27.8,61.6,0
27.8,61.6,0
27.8,61.6,0
27.8,61.6,0
27.8,61.6,0
27.8,61.6,0
27.8,61.6,0
27.8,61.6,0
27.8,61.6,0
27.8,61.5,0
27.8,61.5,0
27.8,61.5,0
27.8,61.5,0
27.8,61.5,0
27.8,61.5,0
27.8,61.5,0
27.8,61.5,0
27.8,61.5,0
27.8,61.5,0
27.8,61.6,0
27.8,61.6,0
27.8,61.6,0
27.8,61.6,0
27.8,61.6,0
27.8,61.6,0
27.8,61.6,0
27.8,61.6,0
27.8,61.6,0
27.8,61.6,0
27.8,61.4,0
27.8,61.4,0
27.8,61.4,0
27.8,61.4,0
27.8,61.4,0
27.8,61.4,0
27.8,61.4,0
27.8,61.4,0
27.8,61.4,0
27.8,61.4,0
27.9,61.5,0
27.9,61.5,0
27.9,61.5,0
27.9,61.5,0
27.9,61.5,0
27.9,61.5,0
27.9,61.5,0
27.9,61.5,0
27.9,61.5,0
27.9,61.5,0
27.9,61.7,0
27.9,61.7,0
27.9,61.7,0
27.9,61.7,0
27.9,61.7,0
27.9,61.7,0
27.9,61.7,0
27.9,61.7,0
27.9,61.7,0
27.9,61.7,0
27.9,61.7,0
27.9,61.7,0
27.9,61.7,0
27.9,61.7,0
27.9,61.7,0
27.9,61.7,0
27.9,61.7,0
27.9,61.7,0
27.9,61.7,0
27.9,61.7,0
27.9,61.5,0
27.9,61.5,0
27.9,61.5,0
27.9,61.5,0
27.9,61.5,0
27.9,61.5,0
27.9,61.5,0
27.9,61.5,0
27.9,61.5,0
27.9,61.5,0
27.9,61.5,0
27.9,61.5,0
27.9,61.5,0
27.9,61.5,0
27.9,61.5,0
27.9,61.5,0
27.9,61.5,0
27.9,61.5,0
27.9,61.5,0
27.9,61.5,0
27.9,61.2,0
27.9,61.2,0
27.9,61.2,0
27.9,61.2,0
27.9,61.2,0
27.9,61.2,0
27.9,61.2,0
27.9,61.2,0
27.9,61.2,0
27.9,61.2,0
27.9,61.3,0
27.9,61.3,0
27.9,61.3,0
27.9,61.3,0
27.9,61.3,0
27.9,61.3,0
27.9,61.3,0
27.9,61.3,0
27.9,61.3,0
27.9,61.3,0
27.9,61.4,0
27.9,61.4,0
27.9,61.4,0
27.9,61.4,0
27.9,61.4,0
27.9,61.4,0
27.9,61.4,0
27.9,61.4,0
27.9,61.4,0
27.9,61.4,0
27.9,61.6,0
27.9,61.6,0
27.9,61.6,0
27.9,61.6,0
27.9,61.6,0
27.9,61.6,0
27.9,61.6,0
27.9,61.6,0
27.9,61.6,0
27.9,61.6,0
27.9,61.5,0
27.9,61.5,0
27.9,61.5,0
27.9,61.5,0
27.9,61.5,0
27.9,61.5,0
27.9,61.5,0
27.9,61.5,0
27.9,61.5,0
27.9,61.5,0
27.9,61.3,0
27.9,61.3,0
27.9,61.3,0
27.9,61.3,0
27.9,61.3,0
27.9,61.3,0
27.9,61.3,0
27.9,61.3,0
27.9,61.3,0
27.9,61.3,0
27.9,61,0
27.9,61,0
27.9,61,0
27.9,61,0
27.9,61,0
27.9,61,0
27.9,61,0
27.9,61,0
27.9,61,0
27.9,61,0
28,60.9,0
28,60.9,0
28,60.9,0
28,60.9,0
28,60.9,0
28,60.9,0
28,60.9,0
28,60.9,0
28,60.9,0
28,60.9,0
28,60.7,0
28,60.7,0
28,60.7,0
28,60.7,0
28,60.7,0
28,60.7,0
28,60.7,0
28,60.7,0
28,60.7,0
28,60.7,0
28,60.7,0
28,60.7,0
28,60.7,0
28,60.7,0
28,60.7,0
28,60.7,0
28,60.7,0
28,60.7,0
28,60.7,0
28,60.7,0
28.8,73.1,0
28.8,73.1,0
28.8,73.1,0
28.8,73.1,0
28.8,73.1,0
28.8,73.1,0
28.8,73.1,0
28.8,73.1,0
28.8,73.1,0
28.8,73.1,0
30.4,91.9,1
30.4,91.9,1
30.4,91.9,1
30.4,91.9,1
30.4,91.9,1
30.4,91.9,1
30.4,91.9,1
30.4,91.9,1
30.4,91.9,1
30.4,91.9,1
31.4,100,1
31.4,100,1
31.4,100,1
31.4,100,1
31.4,100,1
31.4,100,1
31.4,100,1
31.4,100,1
31.4,100,1
31.4,100,1
31.6,100,1
31.6,100,1
31.6,100,1
31.6,100,1
31.6,100,1
31.6,100,1
31.6,100,1
31.6,100,1
31.6,100,1
31.6,100,1
32.5,100,1
32.5,100,1
32.5,100,1
32.5,100,1
32.5,100,1
32.5,100,1
32.5,100,1
32.5,100,1
32.5,100,1
32.5,100,1
33,100,1
33,100,1
33,100,1
33,100,1
33,100,1
33,100,1
33,100,1
33,100,1
33,100,1
33,100,1
33.3,100,1
33.3,100,1
33.3,100,1
33.3,100,1
33.3,100,1
33.3,100,1
33.3,100,1
33.3,100,1
33.3,100,1
33.3,100,1
33.4,100,1
33.4,100,1
33.4,100,1
33.4,100,1
33.4,100,1
33.4,100,1
33.4,100,1
33.4,100,1
33.4,100,1
33.4,100,1
33.9,100,1
33.9,100,1
33.9,100,1
33.9,100,1
33.9,100,1
33.9,100,1
33.9,100,1
33.9,100,1
33.9,100,1
33.9,100,1
33.8,100,1
33.8,100,1
33.8,100,1
33.8,100,1
33.8,100,1
33.8,100,1
33.8,100,1
33.8,100,1
33.8,100,1
33.8,100,1
33.7,100,1